{
    "classes": [
        "Canadian",
        "Kama",
        "Rosa"
    ],
    "random": {
        "2": {
            "matrix": [
                [
                    67,
                    3,
                    0
                ],
                [
                    8,
                    59,
                    3
                ],
                [
                    0,
                    6,
                    64
                ]
            ],
            "accuracy": 0.9047619047619048,
            "recall": {
                "Canadian": 0.9571428571428572,
                "Kama": 0.8428571428571429,
                "Rosa": 0.9142857142857143
            },
            "precision": {
                "Canadian": 0.8933333333333333,
                "Kama": 0.8676470588235294,
                "Rosa": 0.9552238805970149
            }
        },
        "3": {
            "matrix": [
                [
                    66,
                    4,
                    0
                ],
                [
                    7,
                    60,
                    3
                ],
                [
                    0,
                    5,
                    65
                ]
            ],
            "accuracy": 0.9095238095238095,
            "recall": {
                "Canadian": 0.9428571428571428,
                "Kama": 0.8571428571428571,
                "Rosa": 0.9285714285714286
            },
            "precision": {
                "Canadian": 0.9041095890410958,
                "Kama": 0.8695652173913043,
                "Rosa": 0.9558823529411765
            }
        },
        "4": {
            "matrix": [
                [
                    65,
                    5,
                    0
                ],
                [
                    8,
                    58,
                    4
                ],
                [
                    0,
                    5,
                    65
                ]
            ],
            "accuracy": 0.8952380952380953,
            "recall": {
                "Canadian": 0.9285714285714286,
                "Kama": 0.8285714285714286,
                "Rosa": 0.9285714285714286
            },
            "precision": {
                "Canadian": 0.8904109589041096,
                "Kama": 0.8529411764705882,
                "Rosa": 0.9420289855072463
            }
        },
        "5": {
            "matrix": [
                [
                    65,
                    5,
                    0
                ],
                [
                    7,
                    60,
                    3
                ],
                [
                    0,
                    5,
                    65
                ]
            ],
            "accuracy": 0.9047619047619048,
            "recall": {
                "Canadian": 0.9285714285714286,
                "Kama": 0.8571428571428571,
                "Rosa": 0.9285714285714286
            },
            "precision": {
                "Canadian": 0.9027777777777778,
                "Kama": 0.8571428571428571,
                "Rosa": 0.9558823529411765
            }
        },
        "6": {
            "matrix": [
                [
                    65,
                    5,
                    0
                ],
                [
                    7,
                    60,
                    3
                ],
                [
                    0,
                    5,
                    65
                ]
            ],
            "accuracy": 0.9047619047619048,
            "recall": {
                "Canadian": 0.9285714285714286,
                "Kama": 0.8571428571428571,
                "Rosa": 0.9285714285714286
            },
            "precision": {
                "Canadian": 0.9027777777777778,
                "Kama": 0.8571428571428571,
                "Rosa": 0.9558823529411765
            }
        },
        "7": {
            "matrix": [
                [
                    66,
                    4,
                    0
                ],
                [
                    8,
                    58,
                    4
                ],
                [
                    0,
                    5,
                    65
                ]
            ],
            "accuracy": 0.9,
            "recall": {
                "Canadian": 0.9428571428571428,
                "Kama": 0.8285714285714286,
                "Rosa": 0.9285714285714286
            },
            "precision": {
                "Canadian": 0.8918918918918919,
                "Kama": 0.8656716417910447,
                "Rosa": 0.9420289855072463
            }
        },
        "8": {
            "matrix": [
                [
                    66,
                    4,
                    0
                ],
                [
                    7,
                    59,
                    4
                ],
                [
                    0,
                    4,
                    66
                ]
            ],
            "accuracy": 0.9095238095238095,
            "recall": {
                "Canadian": 0.9428571428571428,
                "Kama": 0.8428571428571429,
                "Rosa": 0.9428571428571428
            },
            "precision": {
                "Canadian": 0.9041095890410958,
                "Kama": 0.8805970149253731,
                "Rosa": 0.9428571428571428
            }
        },
        "9": {
            "matrix": [
                [
                    65,
                    5,
                    0
                ],
                [
                    8,
                    59,
                    3
                ],
                [
                    0,
                    4,
                    66
                ]
            ],
            "accuracy": 0.9047619047619048,
            "recall": {
                "Canadian": 0.9285714285714286,
                "Kama": 0.8428571428571429,
                "Rosa": 0.9428571428571428
            },
            "precision": {
                "Canadian": 0.8904109589041096,
                "Kama": 0.8676470588235294,
                "Rosa": 0.9565217391304348
            }
        },
        "10": {
            "matrix": [
                [
                    65,
                    5,
                    0
                ],
                [
                    8,
                    59,
                    3
                ],
                [
                    0,
                    5,
                    65
                ]
            ],
            "accuracy": 0.9,
            "recall": {
                "Canadian": 0.9285714285714286,
                "Kama": 0.8428571428571429,
                "Rosa": 0.9285714285714286
            },
            "precision": {
                "Canadian": 0.8904109589041096,
                "Kama": 0.855072463768116,
                "Rosa": 0.9558823529411765
            }
        },
        "11": {
            "matrix": [
                [
                    65,
                    5,
                    0
                ],
                [
                    8,
                    58,
                    4
                ],
                [
                    0,
                    5,
                    65
                ]
            ],
            "accuracy": 0.8952380952380953,
            "recall": {
                "Canadian": 0.9285714285714286,
                "Kama": 0.8285714285714286,
                "Rosa": 0.9285714285714286
            },
            "precision": {
                "Canadian": 0.8904109589041096,
                "Kama": 0.8529411764705882,
                "Rosa": 0.9420289855072463
            }
        },